{
  "hash": "23b273c0",
  "configHash": "355da102",
  "lockfileHash": "bd999b33",
  "browserHash": "b37178b5",
  "optimized": {
    "@angular/core": {
      "src": "../../../../../../node_modules/@angular/core/fesm2022/core.mjs",
      "file": "@angular_core.js",
      "fileHash": "53b504f7",
      "needsInterop": false
    },
    "@angular/platform-browser": {
      "src": "../../../../../../node_modules/@angular/platform-browser/fesm2022/platform-browser.mjs",
      "file": "@angular_platform-browser.js",
      "fileHash": "0b60d347",
      "needsInterop": false
    },
    "@angular/router": {
      "src": "../../../../../../node_modules/@angular/router/fesm2022/router.mjs",
      "file": "@angular_router.js",
      "fileHash": "85f3721d",
      "needsInterop": false
    }
  },
  "chunks": {
    "chunk-NS67KI56": {
      "file": "chunk-NS67KI56.js"
    },
    "chunk-QDVODIJV": {
      "file": "chunk-QDVODIJV.js"
    }
  }
}